id,difficulty,besteffort,interupted,comment,participant,task,taskresult,task_id,participant_age,participant_experienced,taskresult_totaltime,taskresult_totalcorrect
585,1,True,False,b'',"id: 477, experienced: False, age: 24","id: 2, title: Building geometry and metadata","Task: id: 2, title: Building geometry and metadata, date: 2017-05-05 10:32:29.805657+00:00",2,24,False,50,8
575,4,True,False,b'',"id: 455, experienced: True, age: 41","id: 2, title: Building geometry and metadata","Task: id: 2, title: Building geometry and metadata, date: 2017-05-05 10:17:17.719209+00:00",2,41,True,52,8
202,1,True,False,b'',"id: 221, experienced: True, age: 23","id: 2, title: Building geometry and metadata","Task: id: 2, title: Building geometry and metadata, date: 2017-05-02 10:30:03.899857+00:00",2,23,True,52,12
227,1,True,False,b'',"id: 232, experienced: True, age: 22","id: 2, title: Building geometry and metadata","Task: id: 2, title: Building geometry and metadata, date: 2017-05-03 07:20:00.761070+00:00",2,22,True,53,7
775,4,True,False,b'',"id: 584, experienced: False, age: 21","id: 2, title: Building geometry and metadata","Task: id: 2, title: Building geometry and metadata, date: 2017-05-08 09:25:40.685539+00:00",2,21,False,63,7
733,3,True,False,b'',"id: 561, experienced: False, age: 21","id: 2, title: Building geometry and metadata","Task: id: 2, title: Building geometry and metadata, date: 2017-05-07 15:08:03.987431+00:00",2,21,False,72,10
816,3,True,False,b'',"id: 596, experienced: True, age: 33","id: 2, title: Building geometry and metadata","Task: id: 2, title: Building geometry and metadata, date: 2017-05-08 22:09:31.573486+00:00",2,33,True,74,10
213,1,True,False,b'',"id: 226, experienced: False, age: 24","id: 2, title: Building geometry and metadata","Task: id: 2, title: Building geometry and metadata, date: 2017-05-02 11:21:25.673254+00:00",2,24,False,74,8
681,1,True,False,b'',"id: 537, experienced: True, age: 33","id: 2, title: Building geometry and metadata","Task: id: 2, title: Building geometry and metadata, date: 2017-05-05 19:57:37.951020+00:00",2,33,True,76,12
637,1,True,False,b'',"id: 513, experienced: False, age: 25","id: 2, title: Building geometry and metadata","Task: id: 2, title: Building geometry and metadata, date: 2017-05-05 12:52:28.643281+00:00",2,25,False,77,7
331,2,True,False,b'',"id: 296, experienced: True, age: 43","id: 2, title: Building geometry and metadata","Task: id: 2, title: Building geometry and metadata, date: 2017-05-03 15:14:23.432081+00:00",2,43,True,78,11
568,2,True,False,b'Vanskelig \xe5 se husets form i flyfotoene.',"id: 471, experienced: True, age: 42","id: 2, title: Building geometry and metadata","Task: id: 2, title: Building geometry and metadata, date: 2017-05-05 10:00:29.451699+00:00",2,42,True,79,10
196,3,True,False,b'',"id: 220, experienced: False, age: 25","id: 2, title: Building geometry and metadata","Task: id: 2, title: Building geometry and metadata, date: 2017-05-02 09:59:30.391124+00:00",2,25,False,82,9
828,1,True,False,b'',"id: 601, experienced: False, age: 19","id: 2, title: Building geometry and metadata","Task: id: 2, title: Building geometry and metadata, date: 2017-05-09 13:52:41.716359+00:00",2,19,False,83,12
462,1,True,False,b'',"id: 421, experienced: False, age: 22","id: 2, title: Building geometry and metadata","Task: id: 2, title: Building geometry and metadata, date: 2017-05-04 10:15:38.621550+00:00",2,22,False,88,10
684,2,True,False,b'',"id: 538, experienced: True, age: 24","id: 2, title: Building geometry and metadata","Task: id: 2, title: Building geometry and metadata, date: 2017-05-05 20:13:39.974457+00:00",2,24,True,89,6
573,2,True,False,b'It required a few extra clicks to find out which house corresponded to which hide/show-menu',"id: 473, experienced: True, age: 24","id: 2, title: Building geometry and metadata","Task: id: 2, title: Building geometry and metadata, date: 2017-05-05 10:14:54.190623+00:00",2,24,True,89,11
646,1,True,False,b'',"id: 516, experienced: False, age: 45","id: 2, title: Building geometry and metadata","Task: id: 2, title: Building geometry and metadata, date: 2017-05-05 13:17:08.626462+00:00",2,45,False,90,9
466,2,True,False,b'',"id: 418, experienced: False, age: 32","id: 2, title: Building geometry and metadata","Task: id: 2, title: Building geometry and metadata, date: 2017-05-04 11:30:02.544495+00:00",2,32,False,91,12
660,1,True,False,b'',"id: 521, experienced: False, age: 21","id: 2, title: Building geometry and metadata","Task: id: 2, title: Building geometry and metadata, date: 2017-05-05 14:06:43.866089+00:00",2,21,False,92,11
222,3,True,False,b'',"id: 227, experienced: False, age: 30","id: 2, title: Building geometry and metadata","Task: id: 2, title: Building geometry and metadata, date: 2017-05-02 13:49:39.140250+00:00",2,30,False,97,8
297,4,True,False,b'',"id: 273, experienced: True, age: 31","id: 2, title: Building geometry and metadata","Task: id: 2, title: Building geometry and metadata, date: 2017-05-03 12:35:35.674686+00:00",2,31,True,97,10
354,2,True,False,b'',"id: 337, experienced: False, age: 24","id: 2, title: Building geometry and metadata","Task: id: 2, title: Building geometry and metadata, date: 2017-05-03 17:37:10.536813+00:00",2,24,False,98,9
770,4,True,False,b'',"id: 579, experienced: False, age: 19","id: 2, title: Building geometry and metadata","Task: id: 2, title: Building geometry and metadata, date: 2017-05-08 08:47:02.641157+00:00",2,19,False,98,11
208,2,True,False,b'',"id: 225, experienced: True, age: 25","id: 2, title: Building geometry and metadata","Task: id: 2, title: Building geometry and metadata, date: 2017-05-02 10:49:38.043218+00:00",2,25,True,98,9
692,2,True,False,b'',"id: 543, experienced: False, age: 21","id: 2, title: Building geometry and metadata","Task: id: 2, title: Building geometry and metadata, date: 2017-05-06 08:13:21.519342+00:00",2,21,False,99,9
320,3,True,False,b'',"id: 292, experienced: True, age: 36","id: 2, title: Building geometry and metadata","Task: id: 2, title: Building geometry and metadata, date: 2017-05-03 14:47:23.209489+00:00",2,36,True,99,7
392,2,True,False,b'',"id: 368, experienced: True, age: 26","id: 2, title: Building geometry and metadata","Task: id: 2, title: Building geometry and metadata, date: 2017-05-03 19:51:17.098236+00:00",2,26,True,100,11
369,2,True,False,b'',"id: 350, experienced: True, age: 34","id: 2, title: Building geometry and metadata","Task: id: 2, title: Building geometry and metadata, date: 2017-05-03 18:36:50.114609+00:00",2,34,True,103,10
307,1,True,False,b'',"id: 277, experienced: True, age: 34","id: 2, title: Building geometry and metadata","Task: id: 2, title: Building geometry and metadata, date: 2017-05-03 13:04:30.925160+00:00",2,34,True,105,9
631,2,True,False,b'',"id: 507, experienced: True, age: 22","id: 2, title: Building geometry and metadata","Task: id: 2, title: Building geometry and metadata, date: 2017-05-05 12:17:49.539578+00:00",2,22,True,105,6
525,4,True,False,b'',"id: 452, experienced: True, age: 38","id: 2, title: Building geometry and metadata","Task: id: 2, title: Building geometry and metadata, date: 2017-05-05 06:35:38.727826+00:00",2,38,True,106,8
807,2,True,False,b'',"id: 593, experienced: False, age: 21","id: 2, title: Building geometry and metadata","Task: id: 2, title: Building geometry and metadata, date: 2017-05-08 16:45:23.971241+00:00",2,21,False,108,11
501,2,True,False,b'',"id: 442, experienced: False, age: 24","id: 2, title: Building geometry and metadata","Task: id: 2, title: Building geometry and metadata, date: 2017-05-04 15:58:46.423877+00:00",2,24,False,111,11
791,4,True,False,b'',"id: 590, experienced: False, age: 31","id: 2, title: Building geometry and metadata","Task: id: 2, title: Building geometry and metadata, date: 2017-05-08 11:09:07.054057+00:00",2,31,False,115,9
180,2,True,False,b'',"id: 208, experienced: True, age: 25","id: 2, title: Building geometry and metadata","Task: id: 2, title: Building geometry and metadata, date: 2017-05-02 09:17:39.976451+00:00",2,25,True,116,12
294,2,True,False,b'',"id: 270, experienced: True, age: 27","id: 2, title: Building geometry and metadata","Task: id: 2, title: Building geometry and metadata, date: 2017-05-03 12:18:01.639752+00:00",2,27,True,116,7
399,1,True,False,b'',"id: 373, experienced: True, age: 36","id: 2, title: Building geometry and metadata","Task: id: 2, title: Building geometry and metadata, date: 2017-05-03 20:19:02.342805+00:00",2,36,True,116,10
437,1,True,False,b'',"id: 408, experienced: True, age: 37","id: 2, title: Building geometry and metadata","Task: id: 2, title: Building geometry and metadata, date: 2017-05-04 07:23:24.403223+00:00",2,37,True,121,10
620,1,True,False,b'',"id: 491, experienced: False, age: 26","id: 2, title: Building geometry and metadata","Task: id: 2, title: Building geometry and metadata, date: 2017-05-05 11:07:04.637452+00:00",2,26,False,122,11
654,2,True,False,b'',"id: 519, experienced: False, age: 23","id: 2, title: Building geometry and metadata","Task: id: 2, title: Building geometry and metadata, date: 2017-05-05 13:49:40.897635+00:00",2,23,False,123,10
675,2,True,False,b'',"id: 536, experienced: False, age: 22","id: 2, title: Building geometry and metadata","Task: id: 2, title: Building geometry and metadata, date: 2017-05-05 19:18:30.071322+00:00",2,22,False,123,10
583,2,True,False,b'',"id: 474, experienced: True, age: 45","id: 2, title: Building geometry and metadata","Task: id: 2, title: Building geometry and metadata, date: 2017-05-05 10:30:58.355734+00:00",2,45,True,126,9
556,2,True,False,b'',"id: 465, experienced: True, age: 44","id: 2, title: Building geometry and metadata","Task: id: 2, title: Building geometry and metadata, date: 2017-05-05 08:12:13.601514+00:00",2,44,True,126,12
395,2,True,False,b'',"id: 366, experienced: False, age: 29","id: 2, title: Building geometry and metadata","Task: id: 2, title: Building geometry and metadata, date: 2017-05-03 19:54:19.008080+00:00",2,29,False,128,12
530,2,True,False,b'',"id: 454, experienced: True, age: 40","id: 2, title: Building geometry and metadata","Task: id: 2, title: Building geometry and metadata, date: 2017-05-05 06:46:14.099573+00:00",2,40,True,129,9
541,3,True,False,b'',"id: 459, experienced: True, age: 51","id: 2, title: Building geometry and metadata","Task: id: 2, title: Building geometry and metadata, date: 2017-05-05 07:39:39.615576+00:00",2,51,True,129,5
434,2,True,False,b'',"id: 407, experienced: False, age: 26","id: 2, title: Building geometry and metadata","Task: id: 2, title: Building geometry and metadata, date: 2017-05-04 07:20:34.600055+00:00",2,26,False,130,9
316,1,True,False,b'',"id: 284, experienced: True, age: 45","id: 2, title: Building geometry and metadata","Task: id: 2, title: Building geometry and metadata, date: 2017-05-03 14:02:42.419175+00:00",2,45,True,132,10
762,2,True,False,b'',"id: 573, experienced: True, age: 30","id: 2, title: Building geometry and metadata","Task: id: 2, title: Building geometry and metadata, date: 2017-05-08 06:44:42.778540+00:00",2,30,True,133,10
194,3,True,False,b'',"id: 219, experienced: False, age: 24","id: 2, title: Building geometry and metadata","Task: id: 2, title: Building geometry and metadata, date: 2017-05-02 09:56:48.185404+00:00",2,24,False,135,8
699,2,True,False,b'',"id: 548, experienced: True, age: 22","id: 2, title: Building geometry and metadata","Task: id: 2, title: Building geometry and metadata, date: 2017-05-06 10:17:16.122737+00:00",2,22,True,137,10
191,2,True,False,b'',"id: 215, experienced: False, age: 25","id: 2, title: Building geometry and metadata","Task: id: 2, title: Building geometry and metadata, date: 2017-05-02 09:51:55.812117+00:00",2,25,False,137,10
274,2,True,False,"b""General comment to comments: Tried to type a longer comment to task 1, but the submit button didn't work then. Is there a hidden word limit on the comments?""","id: 249, experienced: True, age: 23","id: 2, title: Building geometry and metadata","Task: id: 2, title: Building geometry and metadata, date: 2017-05-03 10:43:48.649877+00:00",2,23,True,138,10
802,2,True,False,b'',"id: 592, experienced: True, age: 25","id: 2, title: Building geometry and metadata","Task: id: 2, title: Building geometry and metadata, date: 2017-05-08 14:15:09.918510+00:00",2,25,True,140,11
292,2,True,False,b'',"id: 265, experienced: True, age: 49","id: 2, title: Building geometry and metadata","Task: id: 2, title: Building geometry and metadata, date: 2017-05-03 11:42:14.161811+00:00",2,49,True,140,12
751,4,True,False,b'',"id: 569, experienced: False, age: 47","id: 2, title: Building geometry and metadata","Task: id: 2, title: Building geometry and metadata, date: 2017-05-08 06:01:30.646521+00:00",2,47,False,142,9
333,1,True,False,b'',"id: 298, experienced: True, age: 31","id: 2, title: Building geometry and metadata","Task: id: 2, title: Building geometry and metadata, date: 2017-05-03 15:17:16.298134+00:00",2,31,True,142,8
786,2,True,False,b'',"id: 588, experienced: False, age: 25","id: 2, title: Building geometry and metadata","Task: id: 2, title: Building geometry and metadata, date: 2017-05-08 10:29:29.107415+00:00",2,25,False,144,9
205,4,True,False,b'',"id: 224, experienced: False, age: 24","id: 2, title: Building geometry and metadata","Task: id: 2, title: Building geometry and metadata, date: 2017-05-02 10:46:27.202826+00:00",2,24,False,146,12
787,1,True,False,b'',"id: 589, experienced: True, age: 52","id: 2, title: Building geometry and metadata","Task: id: 2, title: Building geometry and metadata, date: 2017-05-08 10:30:27.489030+00:00",2,52,True,146,11
225,3,True,False,b'',"id: 230, experienced: True, age: 29","id: 2, title: Building geometry and metadata","Task: id: 2, title: Building geometry and metadata, date: 2017-05-03 07:18:41.303647+00:00",2,29,True,148,9
265,2,True,False,b'',"id: 250, experienced: True, age: 23","id: 2, title: Building geometry and metadata","Task: id: 2, title: Building geometry and metadata, date: 2017-05-03 10:16:05.917391+00:00",2,23,True,148,9
476,1,True,False,b'',"id: 427, experienced: True, age: 22","id: 2, title: Building geometry and metadata","Task: id: 2, title: Building geometry and metadata, date: 2017-05-04 12:00:26.700462+00:00",2,22,True,148,12
379,4,True,False,b'',"id: 355, experienced: True, age: 29","id: 2, title: Building geometry and metadata","Task: id: 2, title: Building geometry and metadata, date: 2017-05-03 19:04:05.081724+00:00",2,29,True,149,7
648,3,True,False,b'',"id: 489, experienced: False, age: 24","id: 2, title: Building geometry and metadata","Task: id: 2, title: Building geometry and metadata, date: 2017-05-05 13:33:19.070508+00:00",2,24,False,149,10
746,1,True,False,b'',"id: 566, experienced: False, age: 40","id: 2, title: Building geometry and metadata","Task: id: 2, title: Building geometry and metadata, date: 2017-05-08 05:10:12.807494+00:00",2,40,False,151,8
336,3,True,False,b'',"id: 303, experienced: False, age: 21","id: 2, title: Building geometry and metadata","Task: id: 2, title: Building geometry and metadata, date: 2017-05-03 15:44:53.847178+00:00",2,21,False,152,9
242,2,True,False,b'',"id: 238, experienced: True, age: 32","id: 2, title: Building geometry and metadata","Task: id: 2, title: Building geometry and metadata, date: 2017-05-03 08:00:11.720747+00:00",2,32,True,153,11
260,1,True,False,b'',"id: 248, experienced: False, age: 24","id: 2, title: Building geometry and metadata","Task: id: 2, title: Building geometry and metadata, date: 2017-05-03 09:54:33.693510+00:00",2,24,False,154,12
626,3,True,False,b'',"id: 506, experienced: False, age: 27","id: 2, title: Building geometry and metadata","Task: id: 2, title: Building geometry and metadata, date: 2017-05-05 12:06:51.277707+00:00",2,27,False,155,9
820,4,True,False,b'',"id: 598, experienced: True, age: 44","id: 2, title: Building geometry and metadata","Task: id: 2, title: Building geometry and metadata, date: 2017-05-09 08:18:29.450277+00:00",2,44,True,156,8
738,3,True,False,b'',"id: 562, experienced: True, age: 24","id: 2, title: Building geometry and metadata","Task: id: 2, title: Building geometry and metadata, date: 2017-05-07 15:22:16.190309+00:00",2,24,True,156,11
603,3,True,False,b'',"id: 482, experienced: False, age: 24","id: 2, title: Building geometry and metadata","Task: id: 2, title: Building geometry and metadata, date: 2017-05-05 10:54:53.493710+00:00",2,24,False,156,12
217,2,True,False,b'',"id: 209, experienced: False, age: 24","id: 2, title: Building geometry and metadata","Task: id: 2, title: Building geometry and metadata, date: 2017-05-02 11:52:56.103682+00:00",2,24,False,157,9
287,3,True,False,b'',"id: 264, experienced: False, age: 25","id: 2, title: Building geometry and metadata","Task: id: 2, title: Building geometry and metadata, date: 2017-05-03 11:36:28.463463+00:00",2,25,False,158,9
480,1,True,False,b'',"id: 428, experienced: True, age: 36","id: 2, title: Building geometry and metadata","Task: id: 2, title: Building geometry and metadata, date: 2017-05-04 12:08:28.816603+00:00",2,36,True,159,8
411,3,True,False,b'',"id: 384, experienced: False, age: 25","id: 2, title: Building geometry and metadata","Task: id: 2, title: Building geometry and metadata, date: 2017-05-03 21:13:15.880896+00:00",2,25,False,159,7
496,4,True,False,b'',"id: 441, experienced: True, age: 22","id: 2, title: Building geometry and metadata","Task: id: 2, title: Building geometry and metadata, date: 2017-05-04 15:30:25.986971+00:00",2,22,True,161,11
372,2,True,False,b'',"id: 351, experienced: True, age: 40","id: 2, title: Building geometry and metadata","Task: id: 2, title: Building geometry and metadata, date: 2017-05-03 18:44:34.282617+00:00",2,40,True,161,9
839,2,True,False,b'',"id: 604, experienced: False, age: 44","id: 2, title: Building geometry and metadata","Task: id: 2, title: Building geometry and metadata, date: 2017-05-10 07:50:34.950240+00:00",2,44,False,161,10
716,2,True,False,b'',"id: 552, experienced: False, age: 25","id: 2, title: Building geometry and metadata","Task: id: 2, title: Building geometry and metadata, date: 2017-05-06 16:58:15.482117+00:00",2,25,False,163,9
430,3,True,False,b'',"id: 406, experienced: True, age: 34","id: 2, title: Building geometry and metadata","Task: id: 2, title: Building geometry and metadata, date: 2017-05-04 07:00:22.979553+00:00",2,34,True,163,11
456,2,True,False,b'',"id: 420, experienced: False, age: 22","id: 2, title: Building geometry and metadata","Task: id: 2, title: Building geometry and metadata, date: 2017-05-04 10:09:24.411908+00:00",2,22,False,167,6
713,4,True,False,b'',"id: 553, experienced: False, age: 21","id: 2, title: Building geometry and metadata","Task: id: 2, title: Building geometry and metadata, date: 2017-05-06 15:49:19.972596+00:00",2,21,False,168,11
724,2,False,False,b'',"id: 559, experienced: False, age: 22","id: 2, title: Building geometry and metadata","Task: id: 2, title: Building geometry and metadata, date: 2017-05-07 11:38:40.111600+00:00",2,22,False,172,11
551,1,True,False,b'',"id: 462, experienced: True, age: 39","id: 2, title: Building geometry and metadata","Task: id: 2, title: Building geometry and metadata, date: 2017-05-05 07:50:37.996845+00:00",2,39,True,174,8
384,2,True,False,b'',"id: 358, experienced: True, age: 23","id: 2, title: Building geometry and metadata","Task: id: 2, title: Building geometry and metadata, date: 2017-05-03 19:15:44.801740+00:00",2,23,True,176,12
545,3,True,False,b'',"id: 456, experienced: True, age: 42","id: 2, title: Building geometry and metadata","Task: id: 2, title: Building geometry and metadata, date: 2017-05-05 07:43:29.337658+00:00",2,42,True,176,11
756,2,True,False,b'',"id: 572, experienced: False, age: 22","id: 2, title: Building geometry and metadata","Task: id: 2, title: Building geometry and metadata, date: 2017-05-08 06:26:47.273510+00:00",2,22,False,184,9
778,2,True,False,b'',"id: 586, experienced: False, age: 20","id: 2, title: Building geometry and metadata","Task: id: 2, title: Building geometry and metadata, date: 2017-05-08 10:14:23.537741+00:00",2,20,False,185,9
424,2,True,False,b'',"id: 402, experienced: True, age: 39","id: 2, title: Building geometry and metadata","Task: id: 2, title: Building geometry and metadata, date: 2017-05-04 05:24:43.611541+00:00",2,39,True,185,9
518,1,True,False,b'',"id: 450, experienced: True, age: 23","id: 2, title: Building geometry and metadata","Task: id: 2, title: Building geometry and metadata, date: 2017-05-05 04:38:00.083884+00:00",2,23,True,185,9
597,1,True,False,b'',"id: 476, experienced: True, age: 46","id: 2, title: Building geometry and metadata","Task: id: 2, title: Building geometry and metadata, date: 2017-05-05 10:50:58.739084+00:00",2,46,True,186,8
468,1,True,False,b'',"id: 425, experienced: False, age: 53","id: 2, title: Building geometry and metadata","Task: id: 2, title: Building geometry and metadata, date: 2017-05-04 11:34:19.725524+00:00",2,53,False,186,10
669,1,True,False,b'',"id: 532, experienced: False, age: 24","id: 2, title: Building geometry and metadata","Task: id: 2, title: Building geometry and metadata, date: 2017-05-05 16:34:34.298847+00:00",2,24,False,190,11
612,2,True,False,b'',"id: 490, experienced: False, age: 50","id: 2, title: Building geometry and metadata","Task: id: 2, title: Building geometry and metadata, date: 2017-05-05 11:00:18.399701+00:00",2,50,False,190,11
483,2,True,False,b'',"id: 430, experienced: False, age: 20","id: 2, title: Building geometry and metadata","Task: id: 2, title: Building geometry and metadata, date: 2017-05-04 12:51:48.168913+00:00",2,20,False,190,10
503,2,True,False,b'',"id: 443, experienced: True, age: 56","id: 2, title: Building geometry and metadata","Task: id: 2, title: Building geometry and metadata, date: 2017-05-04 16:10:29.218311+00:00",2,56,True,191,9
281,2,True,False,b'',"id: 263, experienced: False, age: 24","id: 2, title: Building geometry and metadata","Task: id: 2, title: Building geometry and metadata, date: 2017-05-03 11:26:01.143652+00:00",2,24,False,192,9
513,2,True,False,b'',"id: 448, experienced: True, age: 22","id: 2, title: Building geometry and metadata","Task: id: 2, title: Building geometry and metadata, date: 2017-05-04 21:48:11.519363+00:00",2,22,True,193,12
617,1,True,False,b'',"id: 493, experienced: False, age: 53","id: 2, title: Building geometry and metadata","Task: id: 2, title: Building geometry and metadata, date: 2017-05-05 11:04:18.252776+00:00",2,53,False,195,11
257,1,True,False,b'',"id: 245, experienced: True, age: 42","id: 2, title: Building geometry and metadata","Task: id: 2, title: Building geometry and metadata, date: 2017-05-03 09:20:35.437170+00:00",2,42,True,198,8
454,1,True,False,b'',"id: 419, experienced: True, age: 23","id: 2, title: Building geometry and metadata","Task: id: 2, title: Building geometry and metadata, date: 2017-05-04 09:54:22.384767+00:00",2,23,True,200,9
323,2,True,False,b'',"id: 295, experienced: False, age: 50","id: 2, title: Building geometry and metadata","Task: id: 2, title: Building geometry and metadata, date: 2017-05-03 15:07:12.986432+00:00",2,50,False,201,9
484,2,True,False,b'',"id: 431, experienced: False, age: 21","id: 2, title: Building geometry and metadata","Task: id: 2, title: Building geometry and metadata, date: 2017-05-04 12:53:39.409435+00:00",2,21,False,203,11
596,3,True,False,b'',"id: 484, experienced: False, age: 24","id: 2, title: Building geometry and metadata","Task: id: 2, title: Building geometry and metadata, date: 2017-05-05 10:50:43.167731+00:00",2,24,False,204,10
560,1,True,False,b'',"id: 468, experienced: False, age: 21","id: 2, title: Building geometry and metadata","Task: id: 2, title: Building geometry and metadata, date: 2017-05-05 08:22:53.795407+00:00",2,21,False,207,12
352,2,True,False,b'',"id: 333, experienced: True, age: 27","id: 2, title: Building geometry and metadata","Task: id: 2, title: Building geometry and metadata, date: 2017-05-03 17:34:37.886723+00:00",2,27,True,207,11
232,1,True,False,b'',"id: 234, experienced: True, age: 24","id: 2, title: Building geometry and metadata","Task: id: 2, title: Building geometry and metadata, date: 2017-05-03 07:42:37.687071+00:00",2,24,True,211,11
275,1,True,False,b'',"id: 252, experienced: True, age: 24","id: 2, title: Building geometry and metadata","Task: id: 2, title: Building geometry and metadata, date: 2017-05-03 10:45:19.022732+00:00",2,24,True,213,11
810,1,True,False,b'',"id: 594, experienced: True, age: 50","id: 2, title: Building geometry and metadata","Task: id: 2, title: Building geometry and metadata, date: 2017-05-08 19:51:01.674382+00:00",2,50,True,217,9
360,2,True,False,b'',"id: 340, experienced: True, age: 40","id: 2, title: Building geometry and metadata","Task: id: 2, title: Building geometry and metadata, date: 2017-05-03 17:50:31.213552+00:00",2,40,True,218,7
663,1,True,False,b'',"id: 531, experienced: False, age: 22","id: 2, title: Building geometry and metadata","Task: id: 2, title: Building geometry and metadata, date: 2017-05-05 15:24:34.479592+00:00",2,22,False,218,11
410,3,True,False,b'It is sometimes hard to click the desired shape (shape 1 & 2)',"id: 374, experienced: True, age: 24","id: 2, title: Building geometry and metadata","Task: id: 2, title: Building geometry and metadata, date: 2017-05-03 21:11:44.257684+00:00",2,24,True,220,9
524,2,True,False,b'',"id: 451, experienced: True, age: 43","id: 2, title: Building geometry and metadata","Task: id: 2, title: Building geometry and metadata, date: 2017-05-05 06:35:21.589073+00:00",2,43,True,220,9
835,2,True,False,b'',"id: 603, experienced: True, age: 43","id: 2, title: Building geometry and metadata","Task: id: 2, title: Building geometry and metadata, date: 2017-05-10 06:27:50.165915+00:00",2,43,True,227,9
402,2,True,False,b'',"id: 380, experienced: True, age: 38","id: 2, title: Building geometry and metadata","Task: id: 2, title: Building geometry and metadata, date: 2017-05-03 20:36:14.128839+00:00",2,38,True,229,10
578,2,True,False,b'',"id: 472, experienced: True, age: 34","id: 2, title: Building geometry and metadata","Task: id: 2, title: Building geometry and metadata, date: 2017-05-05 10:15:35.287387+00:00",2,34,True,231,11
729,2,True,False,b'',"id: 560, experienced: True, age: 22","id: 2, title: Building geometry and metadata","Task: id: 2, title: Building geometry and metadata, date: 2017-05-07 14:19:42.122558+00:00",2,22,True,235,10
278,3,True,False,b'',"id: 261, experienced: False, age: 24","id: 2, title: Building geometry and metadata","Task: id: 2, title: Building geometry and metadata, date: 2017-05-03 11:22:09.805179+00:00",2,24,False,243,10
615,2,True,False,b'',"id: 478, experienced: True, age: 54","id: 2, title: Building geometry and metadata","Task: id: 2, title: Building geometry and metadata, date: 2017-05-05 11:01:54.218172+00:00",2,54,True,249,8
347,1,True,False,b'',"id: 313, experienced: False, age: -25","id: 2, title: Building geometry and metadata","Task: id: 2, title: Building geometry and metadata, date: 2017-05-03 17:09:21.335853+00:00",2,-25,False,250,9
709,3,True,False,b'',"id: 551, experienced: False, age: 20","id: 2, title: Building geometry and metadata","Task: id: 2, title: Building geometry and metadata, date: 2017-05-06 13:37:46.355279+00:00",2,20,False,251,10
673,3,True,False,b'',"id: 534, experienced: True, age: 36","id: 2, title: Building geometry and metadata","Task: id: 2, title: Building geometry and metadata, date: 2017-05-05 18:11:50.799770+00:00",2,36,True,264,9
448,2,True,False,b'',"id: 415, experienced: False, age: 21","id: 2, title: Building geometry and metadata","Task: id: 2, title: Building geometry and metadata, date: 2017-05-04 09:15:47.914144+00:00",2,21,False,266,9
740,3,True,False,b'',"id: 563, experienced: True, age: 46","id: 2, title: Building geometry and metadata","Task: id: 2, title: Building geometry and metadata, date: 2017-05-07 18:09:28.100199+00:00",2,46,True,266,11
341,3,True,False,b'',"id: 306, experienced: True, age: 46","id: 2, title: Building geometry and metadata","Task: id: 2, title: Building geometry and metadata, date: 2017-05-03 16:11:03.600636+00:00",2,46,True,288,12
243,3,True,False,b'',"id: 236, experienced: True, age: 25","id: 2, title: Building geometry and metadata","Task: id: 2, title: Building geometry and metadata, date: 2017-05-03 08:01:45.365277+00:00",2,25,True,296,11
510,1,True,False,b'',"id: 447, experienced: True, age: 23","id: 2, title: Building geometry and metadata","Task: id: 2, title: Building geometry and metadata, date: 2017-05-04 20:19:38.880673+00:00",2,23,True,306,11
363,1,True,False,b'',"id: 341, experienced: True, age: 47","id: 2, title: Building geometry and metadata","Task: id: 2, title: Building geometry and metadata, date: 2017-05-03 17:58:07.767884+00:00",2,47,True,309,9
237,3,True,False,b'',"id: 235, experienced: False, age: 24","id: 2, title: Building geometry and metadata","Task: id: 2, title: Building geometry and metadata, date: 2017-05-03 07:55:23.492859+00:00",2,24,False,314,10
311,2,True,False,b'',"id: 283, experienced: True, age: 54","id: 2, title: Building geometry and metadata","Task: id: 2, title: Building geometry and metadata, date: 2017-05-03 13:56:16.154718+00:00",2,54,True,351,10
818,2,True,False,b'',"id: 597, experienced: True, age: 34","id: 2, title: Building geometry and metadata","Task: id: 2, title: Building geometry and metadata, date: 2017-05-09 08:08:54.940680+00:00",2,34,True,351,9
844,4,True,False,b'',"id: 611, experienced: True, age: 44","id: 2, title: Building geometry and metadata","Task: id: 2, title: Building geometry and metadata, date: 2017-05-10 13:11:38.013777+00:00",2,44,True,363,12
418,4,True,False,b'',"id: 391, experienced: True, age: 44","id: 2, title: Building geometry and metadata","Task: id: 2, title: Building geometry and metadata, date: 2017-05-03 21:54:12.877433+00:00",2,44,True,368,12
830,3,True,False,b'',"id: 602, experienced: False, age: 26","id: 2, title: Building geometry and metadata","Task: id: 2, title: Building geometry and metadata, date: 2017-05-09 14:09:01.544066+00:00",2,26,False,369,10
183,4,True,False,b'',"id: 210, experienced: False, age: 23","id: 2, title: Building geometry and metadata","Task: id: 2, title: Building geometry and metadata, date: 2017-05-02 09:39:35.584243+00:00",2,23,False,384,11
633,3,True,False,b'',"id: 508, experienced: False, age: 58","id: 2, title: Building geometry and metadata","Task: id: 2, title: Building geometry and metadata, date: 2017-05-05 12:25:31.882554+00:00",2,58,False,387,11
562,4,True,False,b'',"id: 466, experienced: True, age: 52","id: 2, title: Building geometry and metadata","Task: id: 2, title: Building geometry and metadata, date: 2017-05-05 08:36:31.371485+00:00",2,52,True,416,10
772,4,True,False,b'',"id: 578, experienced: False, age: 19","id: 2, title: Building geometry and metadata","Task: id: 2, title: Building geometry and metadata, date: 2017-05-08 08:57:42.705578+00:00",2,19,False,455,10
721,3,True,False,b'',"id: 556, experienced: True, age: 54","id: 2, title: Building geometry and metadata","Task: id: 2, title: Building geometry and metadata, date: 2017-05-07 07:55:33.668305+00:00",2,54,True,492,8
